Collection_LocationId,COLLECTION_LOCATION_UUID,branchNumber,COLLECTION_TYPE,FRIENDLY_IDENTIFIER,OPERATION_TYPE
0033,23357346-1112-43a1-9893-b1f109dd033d,11001,STORE_COLLECT,CA,POD
0014,e6cd866f-ab3b-4e3c-92c6-d4b3cc22aa9b,11002,STORE_COLLECT,CA,POD
0017,e34b798d-7ebc-4c07-9d19-71b6451cc476,11003,STORE_COLLECT,CA,POD
0047,06afe72a-1d3d-4f17-9b8f-6cea626a41bf,11004,STORE_COLLECT,CC,POD
0021,3383f263-156c-41e3-959a-057000b0db63,11004,STORE_COLLECT,CB,POD
0007,a2e4f400-adc7-4371-af64-6b6e4a0d6a66,11004,STORE_COLLECT,CA,POD
0009,149cf6bf-27bc-43e8-aa08-79fa14e05062,11005,STORE_COLLECT,CA,POD
0015,c584c8d2-8111-40c1-b07b-191e326ac9ad,11006,STORE_COLLECT,CA,POD
0029,40bc85c1-b6aa-4a20-859b-ede9d6b5ed34,11008,STORE_COLLECT,CA,POD
0036,9220d80c-cbf2-4461-930a-a559f96d6efe,11009,STORE_COLLECT,CA,POD
0031,31e2fe91-a8c7-4ea0-9e87-735c67afc4ef,11011,STORE_COLLECT,CA,POD
0032,f1470ebb-faf2-4417-a782-da703dce1538,11012,STORE_COLLECT,CA,POD
0039,d30d4d0f-08c7-4780-bc5f-35e2730495b0,11013,STORE_COLLECT,CA,POD
0016,9ee0e9b4-42b9-4698-8c9d-b710c1c01211,11016,STORE_COLLECT,CA,POD
0040,e349f0d9-7004-4ca9-8a1e-b363b680143f,11017,STORE_COLLECT,CA,POD
0038,44a612a6-77f5-474e-aced-cf77342f8e94,11018,STORE_COLLECT,CA,POD
0034,3f22379f-bba8-447b-81c1-a334e3b40488,11021,STORE_COLLECT,CA,POD
0012,b5b00ef6-d944-425f-9103-e1648f06a28d,11025,STORE_COLLECT,CA,POD
0048,cef11c91-50ed-4697-a3eb-f57c90334baa,11026,STORE_COLLECT,CA,POD
0030,48ae9d75-f619-436c-884b-af711da0406c,11027,STORE_COLLECT,CA,POD
0013,bda5f425-14e1-4ed7-bca2-e62938ee711f,11029,STORE_COLLECT,CA,POD
0008,6df4d374-1201-43bd-ba22-ce89e1f8bba2,11036,STORE_COLLECT,CA,POD
0035,44ff9b7a-7b70-45ee-968c-5acc59e1b7f9,11040,STORE_COLLECT,CA,POD
0041,ade2e86f-45fd-4ed6-8bb3-95cf6e9060b7,11048,STORE_COLLECT,CA,POD
0006,dc63e721-c248-4b49-b016-21ca90ca5a15,11080,STORE_COLLECT,CA,POD
7940,8486d4fc-067f-40bc-ad03-b896df6819a0,2006,STORE_COLLECT,CA,NONPOD
7516,e962c1a1-999b-4aa9-8147-01e238641bd6,2007,STORE_COLLECT,PA,POD
7102,145b282f-8f9f-4e0d-9cfd-2a2e1a51016f,2008,STORE_COLLECT,PA,POD
7737,f979bd6f-96ee-4cb3-9b2b-4fd84712c0bc,2015,STORE_COLLECT,CA,POD
7705,00ddde4d-ecca-4208-b709-37997ccdca0f,2019,STORE_COLLECT,CA,POD
7303,8c8f7255-52cd-4e80-8eb9-72910cbeede1,2019,COLLECT_FROM_LOCATION,SA,POD
7534,85516e32-2449-489e-be75-4c887549bd5f,2020,STORE_COLLECT,PA,POD
7544,8bfba16b-5e37-4de1-b4d4-8f766b571e1e,2020,COLLECT_FROM_LOCATION,SA,POD
7644,67b65218-6977-4897-aa8c-05058b7e93bc,2022,STORE_COLLECT,CA,POD
7106,309fe961-b661-4baf-b941-0d4d35d2668b,2025,STORE_COLLECT,PA,POD
7190,a09c6e31-ced8-4e5b-8764-b292b3e590f2,2030,STORE_COLLECT,PA,POD
7248,27ed5975-180e-45ad-a886-f446bfaf9833,2031,STORE_COLLECT,PA,POD
7833,3e3230f6-d47a-4b94-9665-6939c6efa46b,2031,COLLECT_FROM_LOCATION,LA,NONPOD
7169,5c426a6a-9d25-43fe-9bbf-a5d278c2474e,2038,STORE_COLLECT,CA,POD
7702,fc8761b4-582b-4f31-8256-56aafa6c40ca,2039,STORE_COLLECT,CA,POD
7811,7c1b1eb3-4149-4b77-9523-78fec06630b9,2040,STORE_COLLECT,PA,POD
7007,b4881676-5855-48b5-a58d-5bd17b5f1bbf,2041,STORE_COLLECT,PA,POD
7162,51804d24-8b62-473b-adfc-6b228944877b,2042,STORE_COLLECT,CA,POD
7170,246b8813-d3f1-4668-9180-1ba4ac4e1538,2044,STORE_COLLECT,CA,POD
7038,172e1256-50d3-40e2-9342-4ae549e10288,2047,STORE_COLLECT,PA,POD
7887,7f69da67-bf51-4386-baff-57de8da33a03,2049,COLLECT_FROM_LOCATION,SB,NONPOD
7304,a5d6da70-4448-454b-95a5-26c30d236795,2049,COLLECT_FROM_LOCATION,SA,POD
7089,fe5ea916-5e80-4120-bf23-f021a714270a,2049,STORE_COLLECT,PA,POD
7001,5ab22c44-5ee8-4910-a638-c508b88fb802,2055,STORE_COLLECT,PA,POD
8138,96a0bccf-6c2c-4956-b81c-6bce9aa61454,2057,STORE_COLLECT,CA,POD
7779,ff9562ec-1c91-4992-affa-d8691102a43b,2064,STORE_COLLECT,CA,NONPOD
7210,7094e0a6-2009-4075-bb06-1d5230634788,2065,STORE_COLLECT,PA,NONPOD
7141,36f59730-60d9-4e5e-b347-bec98429f952,2067,STORE_COLLECT,CA,POD
7029,5e7e7243-1395-40c9-b772-c46441b1cf6d,2071,STORE_COLLECT,PA,POD
7271,08f13fae-edaa-4720-aa24-7935cc2c7858,2073,COLLECT_FROM_LOCATION,SB,NONPOD
7022,3ebc1884-daff-484e-8cc8-d73a815c3d5e,2073,STORE_COLLECT,CA,POD
7379,5577b619-fff4-4df8-a543-aeca236b7a8f,2073,COLLECT_FROM_LOCATION,SA,NONPOD
7044,15eec9a3-a98d-4d43-a7d2-1f9ef43a49fa,2078,STORE_COLLECT,PA,POD
7520,1b19bb3b-afc4-47ea-9284-21657f0fa35e,2078,COLLECT_FROM_LOCATION,SA,NONPOD
7691,e9caba90-9b69-482d-b250-8f070b0fb4ba,2078,COLLECT_FROM_LOCATION,UA,NONPOD
7531,1aad0065-491b-4849-b7cd-a5c719c43c3f,2080,COLLECT_FROM_LOCATION,SA,POD
7674,24204ad7-715e-4963-b76f-2585b0f62c51,2080,STORE_COLLECT,CA,POD
8140,23839a51-d433-4ce1-a4e5-37adeaec63bc,2082,STORE_COLLECT,CA,POD
7586,ad789b31-76bb-43ca-8266-17f3ea677d63,2083,COLLECT_FROM_LOCATION,TA,POD
7706,faca68b8-1171-4d24-ad92-0b51a71faaff,2083,STORE_COLLECT,CA,POD
7060,5c26ab9b-0e88-4124-b8b3-63da7eb0eaa5,2087,STORE_COLLECT,PA,POD
7221,d052a552-51f0-4dca-bf6e-72cff3a73603,2096,STORE_COLLECT,CA,POD
7077,442f4364-76f6-4a0c-8462-42eb6de9ad55,2098,STORE_COLLECT,CA,NONPOD
7233,b195cfa8-204f-4a45-bc2f-5af165e8232e,2101,STORE_COLLECT,CA,POD
7014,3987ddcc-4058-420f-923a-f030577e90b3,2102,STORE_COLLECT,PA,POD
7309,cd1676f7-d9b0-4bf8-a02a-810f511d0d28,2102,COLLECT_FROM_LOCATION,SA,NONPOD
7511,3aec4d82-0f7b-4dd2-9a48-0d6a4033a678,2103,STORE_COLLECT,PA,POD
7717,b9fb01fd-30d0-4af1-ae8d-05558538f0e6,2104,STORE_COLLECT,PA,POD
7219,0c0563e4-2ab9-4385-84bc-55beaf9f3b99,2105,STORE_COLLECT,CA,POD
7657,4ecf8ac3-6d47-47f1-b841-41532d9a5bf7,2108,STORE_COLLECT,CA,NONPOD
7502,464ea941-c996-4857-b9d1-3211d7a61a7c,2122,COLLECT_FROM_LOCATION,SA,NONPOD
7264,48d3de88-0056-42db-9fa8-41e158789445,2122,COLLECT_FROM_LOCATION,SB,NONPOD
7720,4990bf01-9694-42b6-9064-8ff0ef848815,2122,STORE_COLLECT,CA,NONPOD
7439,00b66ce2-00c7-4e52-b5e0-b76d7b350893,2126,COLLECT_FROM_LOCATION,SA,NONPOD
7041,5db74979-c6cb-4dbf-95cc-ceec04552f1d,2126,STORE_COLLECT,CA,POD
7594,da1a4372-4140-464d-a0e2-2eaefe97ae6b,2128,STORE_COLLECT,CA,NONPOD
7237,ad475173-8b4a-4b48-90a3-36c4993bb3a4,2132,STORE_COLLECT,PA,POD
7228,b12ce627-6e69-45d1-9c77-0561017382c0,2136,STORE_COLLECT,PA,POD
7171,7943fc76-0101-4307-918f-c4dff39ce90e,2141,COLLECT_FROM_LOCATION,VA,NONPOD
8136,4e3b9706-f4c0-4420-b65b-187cad8d9d85,2152,STORE_COLLECT,PA,POD
7108,e9c97e22-f0f5-4591-9a5c-e3afc5901a98,2154,STORE_COLLECT,CA,POD
7207,ca01b295-7c9e-41d8-98d4-beecaa7c8ee1,2156,STORE_COLLECT,PA,POD
7154,20f25158-bdf8-429a-80b5-a652bb45e060,2160,STORE_COLLECT,PA,POD
7278,c8ebe1dd-cf10-494d-9c5d-d8dd6e1edbe5,2162,STORE_COLLECT,PA,POD
7172,eb62607c-ba8f-4bed-94ea-08cfc8f8469e,2163,STORE_COLLECT,CA,POD
7512,cb89361d-474c-4fdd-9798-ada4247ca051,2164,COLLECT_FROM_LOCATION,SA,NONPOD
7119,dd9466db-56fa-45f4-9e71-112db4494b44,2164,STORE_COLLECT,PA,POD
7206,d25925c4-901b-4479-87e2-9fa18df45226,2166,STORE_COLLECT,VA,POD
,7756,2168,STORE_COLLECT,CA,NONPOD
7751,eb729540-c914-4cd5-9b01-9cfef92f8d17,2171,STORE_COLLECT,CA,NONPOD
7773,9c68d405-2c16-413c-b9a8-35d8d40af005,2172,STORE_COLLECT,CA,NONPOD
7061,d794b1b8-2c89-49f7-8899-69e8aadd1216,2174,STORE_COLLECT,CA,NONPOD
7042,77963c58-bcf4-4f2d-8196-833caacca339,2179,STORE_COLLECT,CA,POD
7757,38ebbf0a-cbb5-4803-90bb-83bf2ea4ace3,2186,STORE_COLLECT,CA,NONPOD
7222,47388d0c-eb46-4e5e-ab92-d5572afe6c19,2187,STORE_COLLECT,PA,POD
7735,f39b145a-f988-4cfe-bff1-0bfeb8731b72,2195,STORE_COLLECT,CA,NONPOD
7113,eab92cd8-a424-4938-be56-1fee1a81a4dd,2200,STORE_COLLECT,PA,POD
7149,59fc9bc5-55cc-4a33-b61f-78bf6305c2a3,2222,COLLECT_FROM_LOCATION,VA,NONPOD
7703,7d4b0f24-6f3a-4ec8-af63-27f062cef923,2228,COLLECT_FROM_LOCATION,VA,NONPOD
7551,952b9426-8769-4770-b2c7-94577ade8942,2228,STORE_COLLECT,PA,POD
7054,b3e8eb84-0588-4fc6-84dc-710c9dbba9a1,2230,STORE_COLLECT,PA,POD
7369,5a08d9d3-1383-479b-a46c-35d268869e63,2230,COLLECT_FROM_LOCATION,SA,NONPOD
7070,6c0ac090-5c26-4116-bbb9-cd5b2f0f6e22,2248,STORE_COLLECT,CA,NONPOD
7173,2b09c8dd-c58c-43ce-b0c1-3862411b4114,2266,STORE_COLLECT,CA,POD
7352,eb023e61-ac41-4d78-8cfa-de8d5ccf0ace,2272,COLLECT_FROM_LOCATION,SA,NONPOD
7122,b4742ec9-01dc-45ea-a2fa-0a4a668ade74,2275,STORE_COLLECT,PA,POD
7270,5a901080-32fd-4e96-ad41-e04573628d5d,2279,COLLECT_FROM_LOCATION,SA,NONPOD
7199,c9c6e92b-da0a-4935-a62d-b0a24f8e4750,2279,STORE_COLLECT,PA,POD
7209,558c0769-1872-40e1-bad2-2fda4a640212,2280,STORE_COLLECT,PA,POD
7200,9aabba81-0f3d-4396-be44-96bf5448868a,2286,STORE_COLLECT,PA,POD
7750,64e6696a-57c3-44ef-9ee9-a6f54e83a6e5,2294,STORE_COLLECT,CA,NONPOD
7635,3beaf92c-74f2-4d57-a836-d48b683edc5c,2296,STORE_COLLECT,CA,NONPOD
7310,9c13a6d9-3e88-4fa6-adde-a3a733570296,2310,STORE_COLLECT,PA,NONPOD
7710,b76602da-2213-42c7-b102-2a256ca48725,2310,COLLECT_FROM_LOCATION,VB,NONPOD
7709,f891e5c5-143d-4271-984d-24d8f4de19a4,2310,COLLECT_FROM_LOCATION,VA,NONPOD
7690,fd5fef21-a1f4-4641-8c4d-0e7f5fc9c1df,2310,COLLECT_FROM_LOCATION,UA,NONPOD
7098,f9d9f084-d72b-4691-be85-aa578ae7d781,2313,STORE_COLLECT,PA,POD
7477,7724fc2a-4b8c-45d5-9f32-9ca803669f38,2326,STORE_COLLECT,CA,NONPOD
7097,9100f64f-502d-4e07-af95-533517e1124b,2328,STORE_COLLECT,PA,POD
7094,356bc9d9-d138-4f7c-a83e-6af1cacbfcc5,2329,STORE_COLLECT,PA,POD
7003,89d21d50-633f-4c9c-b4b0-74544649f58b,2330,STORE_COLLECT,CA,NONPOD
,7527,2335,COLLECT_FROM_LOCATION,LA,NONPOD
7791,34db4154-e94b-4311-af9c-611c18cba356,2340,STORE_COLLECT,PB,NONPOD
7413,7413,2340,STORE_COLLECT,PC,NONPOD
7240,bd37d32d-8af0-4b10-aac0-e1cc41878a7c,2340,STORE_COLLECT,PA,POD
8137,b80057f2-4653-42e7-ada0-a1fb540f55be,2352,STORE_COLLECT,CA,NONPOD
7780,6f4d552f-66e4-4679-b304-3811134cfcf8,2361,STORE_COLLECT,CA,NONPOD
7423,f3c45da4-26e1-46cd-adcb-5d9f39886f63,2361,COLLECT_FROM_LOCATION,SA,NONPOD
7174,3c94bdcb-3574-413f-ad8a-2b7cfcfde437,2371,STORE_COLLECT,CA,POD
7608,0168e56b-eb3d-4ca8-bc2d-eb460d01b42f,2375,COLLECT_FROM_LOCATION,LI,NONPOD
7507,1ff658bf-4844-4fa0-9a54-670047d4fb49,2375,COLLECT_FROM_LOCATION,LF,NONPOD
7746,61b75dd7-a475-476e-bfe0-f811c0adc491,2375,STORE_COLLECT,CA,NONPOD
7559,6d3cd549-9609-4c3a-8ed0-1a6f6d80e4ab,2375,COLLECT_FROM_LOCATION,LG,NONPOD
7308,79980fc3-c30a-400c-aaa8-96f8267a0cd2,2375,COLLECT_FROM_LOCATION,LB,NONPOD
7498,945f5fe2-b1f3-4912-bf52-f41336657c3d,2375,COLLECT_FROM_LOCATION,LE,NONPOD
7349,96080e98-18d2-4d99-8aa5-67a3004ffaf2,2375,COLLECT_FROM_LOCATION,LD,NONPOD
7307,a1482ed9-5a8e-403b-adc7-ce011f5b2c67,2375,COLLECT_FROM_LOCATION,LA,NONPOD
7318,b4a1a30c-9006-47fb-9741-c16328a24d14,2375,COLLECT_FROM_LOCATION,LC,NONPOD
7560,d6d1cfac-0229-4adc-8cfb-02540961c6f8,2375,COLLECT_FROM_LOCATION,LH,NONPOD
7345,ecd0beca-88bd-44d7-a7f1-8fac5a29ace5,2375,COLLECT_FROM_LOCATION,SA,NONPOD
7609,ee123b2c-70bd-4974-8916-098766bde0db,2375,COLLECT_FROM_LOCATION,LJ,NONPOD
7123,12cf6073-38b1-460c-ba8d-fed2b5ecf3ec,2387,STORE_COLLECT,PA,POD
7093,ce986cd0-4b5c-4236-8fbd-4551c46dd76c,2388,STORE_COLLECT,PA,POD
7448,f06cbf51-47c7-4739-b1b6-6fda4faad38d,2388,COLLECT_FROM_LOCATION,LA,NONPOD
7214,86ca9946-f247-4d59-8421-3219192f6756,2389,STORE_COLLECT,PA,POD
7641,a605eec4-3f6a-46ad-a344-2f28811c9e17,2392,STORE_COLLECT,CA,NONPOD
7504,515360b0-d649-4a21-afcc-08abda487732,2394,COLLECT_FROM_LOCATION,SA,NONPOD
7294,5adda14d-2ac5-4177-88ad-70e7111254ad,2394,COLLECT_FROM_LOCATION,SB,NONPOD
7047,b43c3b3f-e61f-408c-ae84-cdd0c41a9715,2394,STORE_COLLECT,PA,POD
8107,3b5dedfa-541e-4ec6-ad76-64e23491dc3f,2396,STORE_COLLECT,CA,NONPOD
7360,e5cab9f3-da2a-41f4-86ad-587252b81f0e,2397,STORE_COLLECT,CA,NONPOD
8129,777674a0-ce0c-4484-bebd-f812535e2356,2414,STORE_COLLECT,PA,POD
7244,a2fc281f-3240-4428-a63a-74d456439f03,2422,STORE_COLLECT,CA,POD
7224,124a132d-06e7-4cec-8725-0da39271b3ce,2425,STORE_COLLECT,PA,POD
7403,75421b8b-fc9c-47da-87bd-b3a5e33e1834,2429,STORE_COLLECT,PA,POD
7175,af4e78ba-782a-46ac-bafb-457610d46f92,2436,STORE_COLLECT,CA,POD
7669,518392fd-5432-4b92-adff-7fbaa7fdb4ff,2444,STORE_COLLECT,CA,NONPOD
7125,efd9cb93-a81b-48ae-a7e4-d9d7b26c2093,2450,STORE_COLLECT,CA,NONPOD
7017,4dfb58e4-a4bd-46d0-84e5-c9ef2f71bc83,2461,STORE_COLLECT,PA,POD
7437,c15e2773-2eb0-4f81-85c3-4ef0f35d739f,2470,STORE_COLLECT,PA,POD
7176,05384348-4d9b-45da-ac38-e2386de3d93d,2487,STORE_COLLECT,CA,POD
7333,63c9e6fe-db73-48c4-afe5-b4d6fcb2f05a,2487,COLLECT_FROM_LOCATION,SA,NONPOD
7537,2dfbb34a-4ccc-4e83-9cdd-1c001c6e0e85,2535,STORE_COLLECT,CA,NONPOD
7246,006f2c81-8c08-4068-9d1b-586e7ea34e38,2538,STORE_COLLECT,PA,POD
7683,8f0656f3-1420-4598-9792-b4fc517f0237,2549,STORE_COLLECT,CA,NONPOD
7664,386c411a-fc44-4141-a6d1-5c78d41a7463,2551,STORE_COLLECT,CA,NONPOD
7227,ddfb526e-1d49-45f8-b67b-97ff705622f0,2555,STORE_COLLECT,CA,NONPOD
7731,40d59fe3-974e-483a-bc01-442f692c4d26,2557,STORE_COLLECT,CA,NONPOD
7110,282ca4fe-e3d9-4bc2-bd73-0ceff79c8a29,2560,STORE_COLLECT,CA,POD
7039,e428a388-1ad1-4788-a412-f017bb2ebd54,2569,STORE_COLLECT,PA,POD
7057,40bb583f-2757-4e14-98cf-1a4215362a94,2587,STORE_COLLECT,CA,POD
7612,a4453ccb-14df-4e5d-a6e2-733d1075211b,2589,STORE_COLLECT,CA,NONPOD
7211,d6f378de-77a2-417f-8f90-3c0744390fb4,2590,STORE_COLLECT,CA,POD
7782,3da67a1e-8d9b-4302-ad35-70cda1df1aae,2636,STORE_COLLECT,CA,NONPOD
7721,534a7679-777a-4f84-af15-cd559715efb3,2638,STORE_COLLECT,CA,NONPOD
7005,7d8174de-da01-48ed-abf1-6d4a765f912c,2639,STORE_COLLECT,PA,POD
7646,47201438-a7bb-49fb-bebb-17bd9e2c3268,2642,STORE_COLLECT,CA,NONPOD
7139,08ef7b54-caae-4112-8b21-9acc0bbd99f7,2647,COLLECT_FROM_LOCATION,VA,NONPOD
7006,f936d098-6ec7-4d0c-b5ff-56a498dbc278,2653,STORE_COLLECT,PA,POD
7319,655d1d29-b014-4472-b30d-61ebe025e2ad,2654,STORE_COLLECT,PA,POD
7112,e259d2e7-7230-4e9f-b890-042929145914,2663,STORE_COLLECT,PA,POD
7771,1add047f-7786-4fc3-852a-6a4f6389aa20,2667,STORE_COLLECT,CA,NONPOD
7153,068f8d5d-fc2a-494e-b49f-4d3a20ef7e28,2675,STORE_COLLECT,CA,POD
7666,150cddb7-cff9-401e-8fb9-233ef58d9d5c,2676,STORE_COLLECT,CA,NONPOD
7087,ba7ede8f-33e7-4057-8417-ed30b8e6a6d9,2693,STORE_COLLECT,CA,NONPOD
7177,6ce90c0c-da10-4352-919a-aa35559a280d,2694,STORE_COLLECT,PA,POD
,7178,2699,STORE_COLLECT,CA,POD
,7517,2699,COLLECT_FROM_LOCATION,SA,NONPOD
7279,51cff0f5-d24f-4b3f-a910-e8327034a667,2736,COLLECT_FROM_LOCATION,VA,NONPOD
7417,6a29732b-c94d-47cf-99ce-57bddc8da43a,2737,COLLECT_FROM_LOCATION,SA,NONPOD
7192,c86358cb-8771-422f-aabd-e547edc68f9d,2737,STORE_COLLECT,CA,POD
7016,a61c3b18-e410-4e25-a5ba-53ec4e92521d,2742,STORE_COLLECT,PA,POD
7147,08e007a1-59e7-4866-954b-f27a8ed4b6d3,2744,STORE_COLLECT,CA,NONPOD
7231,7231,2748,STORE_COLLECT,PA,POD
7807,04a6269a-6bd6-47c4-9f19-658b32143e8c,2765,STORE_COLLECT,CA,NONPOD
7179,94d29e0c-2241-419e-b8f8-7e575cc1d2fc,2767,STORE_COLLECT,CA,POD
7769,dd3c942b-fc95-4eb3-aa1b-cb056a73da81,2770,STORE_COLLECT,CA,NONPOD
7048,12e87579-99f9-4e90-8cd6-19cd67f6a2f7,2797,STORE_COLLECT,PA,POD
7543,e8e44a6b-543a-4971-85d6-e2aa79ff60ff,2797,COLLECT_FROM_LOCATION,SA,NONPOD
7205,faf88602-2faf-44a9-b054-68e8a13a74d4,2799,STORE_COLLECT,PA,POD
7764,a979ef62-b09d-43b4-8a0f-6daae0fa652d,2800,STORE_COLLECT,CA,NONPOD
7778,c02b1a55-3779-4c9b-91f9-accdd531d6ad,2801,STORE_COLLECT,CA,NONPOD
7716,79772388-79d5-41c0-b99c-aa7cb5fb0686,2804,COLLECT_FROM_LOCATION,SA,NONPOD
7143,93c57dbf-68ea-42ab-a166-d1c9b0b03d93,2804,STORE_COLLECT,PA,POD
7760,52984d35-cf31-4a3d-8caf-65cc65b4d9e0,2808,STORE_COLLECT,CA,NONPOD
7399,d1deac15-7ed7-478d-b0a4-5228fa374fb9,2812,STORE_COLLECT,CA,NONPOD
7431,11a68278-4f2d-4938-a643-10a61c8a70e9,2814,STORE_COLLECT,PA,POD
7150,eb459215-394b-4f81-9488-76b9d8437e40,2819,STORE_COLLECT,CA,NONPOD
7218,6cd9ba4a-a3a6-4e84-ab99-94b246deb971,2825,STORE_COLLECT,CA,POD
7008,6ba29fd6-be84-4e48-82fe-127999de8a18,2835,STORE_COLLECT,PA,POD
7262,a9e1e38c-3366-48e6-bfdd-e3aec61b9a4d,2836,STORE_COLLECT,PA,POD
7124,8cee3a52-dbd2-4889-8575-e2bd2c02c690,2840,STORE_COLLECT,PA,POD
,7776,2846,STORE_COLLECT,CA,NONPOD
7046,3f99dfa2-e19a-416a-90c1-e6a7f27606cf,2848,STORE_COLLECT,PA,POD
7258,b44c4d48-522b-49e6-b9ad-7c9498f963aa,2849,STORE_COLLECT,CA,POD
7659,ed83858f-7913-4ad7-af96-3e15632b2aff,2850,STORE_COLLECT,CA,NONPOD
7766,cb085443-ff94-4a15-b0d4-23279c464de2,2856,STORE_COLLECT,CA,NONPOD
7648,3084245e-351d-46ed-b572-6664d761a668,2857,STORE_COLLECT,CA,NONPOD
7501,c1c60466-136f-46c7-82c7-2700698b7a5f,2876,STORE_COLLECT,PA,POD
7181,7181,2877,STORE_COLLECT,PA,POD
7266,2d965b5f-0d53-41f1-b696-9f09392d19bc,2880,STORE_COLLECT,CA,POD
7469,34a50298-e532-4d76-8237-51289799021c,2882,COLLECT_FROM_LOCATION,SA,NONPOD
7133,a4619d1f-f7f7-4089-a756-10de68db0b38,2882,STORE_COLLECT,CA,POD
7101,8f3b7388-71e4-4e1b-a90d-cbe7fb0f5e10,2885,STORE_COLLECT,PA,POD
7072,80d2c123-a31c-48d2-abe0-559c229a8e36,2886,STORE_COLLECT,CA,NONPOD
7013,0d6d068c-794f-4868-88cc-2ea36ee2c153,2898,STORE_COLLECT,CA,NONPOD
7438,bff5c1ae-e0af-4ae0-a7a2-83ef8dcd2b5c,2898,COLLECT_FROM_LOCATION,SA,NONPOD
7389,4c9f8061-2009-4395-83d8-5bdbad0989e1,2900,STORE_COLLECT,CA,NONPOD
7681,84e9dc44-0bd5-4836-a41a-ab4459b7e0a5,2907,STORE_COLLECT,CA,NONPOD
7128,3c212dca-ba9c-405a-835b-10deb28f5843,2917,STORE_COLLECT,PA,POD
7263,2f29865f-47d2-4881-944a-99466e50dc87,2919,STORE_COLLECT,VA,NONPOD
7434,ceb66554-cc76-4493-80e2-51957d4fa56e,2919,COLLECT_FROM_LOCATION,SA,NONPOD
7236,b03d6383-9d4c-4c3f-9ae7-ef26844e9c0a,2920,STORE_COLLECT,CA,POD
7538,8c459e71-6600-458e-a075-01324b6e1062,2924,STORE_COLLECT,PA,POD
7483,56445b3d-cbc8-494d-9c20-d121cae65ff8,2933,STORE_COLLECT,PA,POD
7194,9cfd0bc7-11e3-474b-abaa-3d5558308633,2934,STORE_COLLECT,CA,POD
7082,58366a6c-be02-4c48-ad61-0f6d8ccba559,2943,STORE_COLLECT,CA,NONPOD
7145,f0f974a1-bb44-40d5-9247-39aad9ce44cb,2947,STORE_COLLECT,PA,POD
7758,356b56d7-a20b-4bfa-8f3c-0284021253bd,2949,STORE_COLLECT,CA,NONPOD
7395,1ba80aa5-2008-4400-91a7-a1ef5924ca1e,2952,COLLECT_FROM_LOCATION,SA,NONPOD
7100,c42606a5-f022-4f77-8121-989697fade9c,2952,STORE_COLLECT,PA,POD
7104,fb0a3060-c509-41de-a83b-15103a8ed0e6,2955,STORE_COLLECT,CA,POD
7362,f864b439-43d0-41b8-ba94-ca065d0e3b51,2962,STORE_COLLECT,CA,NONPOD
7216,b59bdb47-ffb3-4f07-bd61-089d5dc143c9,2969,STORE_COLLECT,PA,POD
7426,85905655-bf47-40e4-8427-6f479ef09373,2971,COLLECT_FROM_LOCATION,SA,NONPOD
7109,ab201879-b51f-4382-befb-885f290dbed6,2971,STORE_COLLECT,PA,POD
8082,51cf1714-c086-4b6d-b4fa-748206403ef5,2989,STORE_COLLECT,CA,POD
7193,5f93558e-375d-4483-be94-694e2c013ee6,2989,COLLECT_FROM_LOCATION,VA,NONPOD
7732,db5a88cb-102c-46a9-8788-c1fd249a5850,2992,STORE_COLLECT,CA,NONPOD
7942,178a1c55-203d-419e-8a46-ca0609114321,2993,STORE_COLLECT,CA,NONPOD
7132,7132,2994,STORE_COLLECT,PA,POD
7787,7d489d96-a9a0-4070-8251-312c91cbe937,2994,COLLECT_FROM_LOCATION,VA,NONPOD
7138,49bd5fc5-61e2-4d59-8538-6a330e639c0d,3008,STORE_COLLECT,CA,NONPOD
7095,6ac1e4c3-badf-4018-8ba4-cf42f50884aa,3009,STORE_COLLECT,PA,POD
7314,0daef1d0-1d1d-42c8-bfa9-63eefa27a550,3026,STORE_COLLECT,CA,NONPOD
7140,c043f499-060a-49f7-9b5c-fccf0fee9399,3031,STORE_COLLECT,PA,POD
7633,063caed2-2aa4-4412-80ff-f6859867c783,3032,STORE_COLLECT,CA,NONPOD
7182,49c68fc8-6663-46bd-97fe-777d1b5f2bf3,3036,STORE_COLLECT,CA,POD
7208,6f3872fd-d565-49d6-a16a-a14da4bb134f,3039,COLLECT_FROM_LOCATION,VA,NONPOD
7508,3afb1a20-d18d-46e5-9d34-68a8131357d7,3040,COLLECT_FROM_LOCATION,SA,NONPOD
7105,79feae7c-bc39-43a9-9c57-e16b725055d4,3040,STORE_COLLECT,PA,POD
7055,9f6cddf6-40c6-4eb4-88cc-ec33139fd3aa,3041,STORE_COLLECT,CA,NONPOD
7183,7230327d-c270-40a8-9099-ceecad2ac087,3055,STORE_COLLECT,CA,POD
7203,f4ab973c-0399-4699-917e-2a8386a18a99,3060,STORE_COLLECT,PA,POD
7491,5dff9a04-e307-4970-828e-94654bd00de8,3063,COLLECT_FROM_LOCATION,SA,NONPOD
7241,fa115a41-1ae2-417d-86fc-f295ef452221,3063,STORE_COLLECT,PA,POD
7524,71271ac9-3ce9-48d2-800e-223eae134e78,3065,STORE_COLLECT,PA,POD
7321,50b49f1a-caa4-4e4b-a5aa-5915913586c1,3066,COLLECT_FROM_LOCATION,SA,NONPOD
7198,fc36cb4f-4735-45b0-ac8f-d339c849008b,3066,STORE_COLLECT,CA,POD
7120,98cba39d-c820-4497-9911-3d7107474fc0,3074,STORE_COLLECT,PA,POD
7184,1a9d4f0d-141e-4562-80b4-d598b00c1229,3084,STORE_COLLECT,CA,POD
7238,209ce67f-e6d0-4fd2-a922-6d58e0ade40f,3095,STORE_COLLECT,PA,POD
7815,9d586dda-8f3b-477c-a7ef-d2e6205681c7,3107,STORE_COLLECT,PA,POD
7062,090cd5ce-a840-4923-81e6-30591943c7cc,3108,STORE_COLLECT,PA,POD
7026,7c4258c3-d68f-4b1d-a950-08557ef294eb,3115,STORE_COLLECT,PA,POD
7492,85b5c564-f247-4dc5-a7e2-d32c9a05c30a,3120,COLLECT_FROM_LOCATION,SA,NONPOD
7002,a3dfb408-6021-4990-96e0-0ff0e445b376,3120,STORE_COLLECT,PA,POD
7698,2276d15a-d8cf-47e6-badf-b2f273543fab,3130,STORE_COLLECT,CA,NONPOD
7131,4d064687-ea41-454e-b368-11eb5cdce10e,3133,STORE_COLLECT,CA,POD
7700,a1049209-5ff7-4030-bd1a-a1b9f43b96f5,3137,STORE_COLLECT,CA,NONPOD
7788,c3876519-bc2b-49b8-b1d3-021d3db53716,3142,STORE_COLLECT,CA,NONPOD
7689,19b02ed2-da3c-4035-a635-4355d511d7b1,3145,COLLECT_FROM_LOCATION,UA,NONPOD
7116,9a1fb74f-8c56-4787-be9b-0ebfad068432,3145,STORE_COLLECT,CA,NonPOD
7166,56d8613a-46cc-4d28-b3d1-fa52c5c6a59d,3149,STORE_COLLECT,CA,POD
7774,2ff8d8d6-5c49-450f-a3e6-9d63ec99c696,3166,STORE_COLLECT,CA,NONPOD
7096,97f8256d-f8de-4c3a-910d-a59439d0e759,3178,STORE_COLLECT,PA,POD
7549,682cb89b-fab9-46f6-ab07-86265c7820c5,3179,STORE_COLLECT,PA,POD
7481,afea5542-e6ae-45ff-b5be-20553ec3c583,3181,STORE_COLLECT,PA,POD
7129,07f2cc0d-2b51-42b9-a9d0-5a9bf1a15f2a,3188,STORE_COLLECT,PA,POD
7432,27423892-6197-436d-8007-55f7063c6e23,3188,COLLECT_FROM_LOCATION,SA,NONPOD
7004,c4667b33-1830-4baa-941e-03358c06ea3b,3190,STORE_COLLECT,PA,NONPOD
7185,b58b3328-1259-4ed8-9d23-001cd119df86,3193,STORE_COLLECT,CA,POD
7217,1de9f62b-fb19-4fd3-9d95-68bfd26cb11a,3212,STORE_COLLECT,CA,POD
7707,0696a5bf-a465-4e02-8559-46c448e3d775,3213,STORE_COLLECT,CA,NONPOD
7274,9152f7ba-04d3-48f6-9c01-dd4a0c0c58e7,3213,COLLECT_FROM_LOCATION,UA,NONPOD
7103,3a4b27cd-13df-40b8-99df-bc872a81a391,3219,STORE_COLLECT,PA,POD
7384,dc34ceee-9652-4481-8c72-4f406df81241,3219,COLLECT_FROM_LOCATION,SA,NONPOD
7186,9d50736a-93d6-428b-89fc-96bd351b2ed1,3220,STORE_COLLECT,CA,POD
7639,cdd7d5a3-9e9a-4994-82a2-0fa3e9df6fb5,3228,STORE_COLLECT,CA,NONPOD
7187,2b9147ea-7297-4140-b0c2-76b22f58212d,3230,STORE_COLLECT,CA,POD
7010,1d6d92c0-6067-4e3b-ac8f-02818c7dd554,3234,STORE_COLLECT,PA,POD
7265,6d5f369d-61ef-4ac4-879a-9e398611da05,3237,STORE_COLLECT,PA,POD
7679,dc3f9646-ff6a-4970-b2c5-dcc80d1bc215,3239,STORE_COLLECT,CA,NONPOD
7412,b9b315d1-3de4-4af3-b9ab-33b8054d1aff,3240,STORE_COLLECT,CA,NONPOD
7223,f98f7e98-3b80-4962-bc71-a00e91b4ae1f,3243,STORE_COLLECT,PA,POD
7685,9365a783-356c-4d24-a431-f07f211d8973,3281,STORE_COLLECT,CA,NONPOD
7269,bca3df39-7210-4ee7-bf9c-97f0c3980d21,3288,STORE_COLLECT,CA,NONPOD
7142,c5d3233c-76a9-454e-8c0a-ad05ebc498f5,3290,STORE_COLLECT,CA,NONPOD
7012,6b73a7f3-7b75-4854-afe8-f54477cec5a3,3297,STORE_COLLECT,PA,POD
7299,d3c1dd4f-da23-4964-a5da-177f23a08601,3297,COLLECT_FROM_LOCATION,SB,NONPOD
7484,ff76ff0c-be2d-400b-94fc-d74156e35955,3297,COLLECT_FROM_LOCATION,SA,NONPOD
7204,97067aa8-a630-49d2-ae2b-ee74fb2de794,3301,STORE_COLLECT,CA,POD
7786,e374f41e-1c7f-4af4-b480-7a8225e3a238,3310,STORE_COLLECT,CA,NONPOD
7226,3f6c3a4d-76c2-49de-8dc6-f587bfa03855,3316,STORE_COLLECT,PA,POD
7168,0308f8f1-9e16-4310-962f-b03c98ee264d,3324,STORE_COLLECT,CA,POD
7247,d6351bde-9a42-4231-9de6-23c33e00f034,3344,STORE_COLLECT,CA,POD
7188,656d519f-5e51-40a4-80ba-aa4b72ebd080,3345,STORE_COLLECT,CA,POD
7653,39ef289f-f7ab-4657-8166-c34099e644af,3347,STORE_COLLECT,CA,NONPOD
7213,b1bb89b9-4089-4352-ba33-52c7b09fd8f7,3370,STORE_COLLECT,CA,POD
7040,bcd3e424-9a55-4a36-8dd7-1322513e2060,3372,STORE_COLLECT,PA,POD
7239,b0c4bdbc-92b6-4302-a5a8-b6f52092e4b1,3378,STORE_COLLECT,PA,POD
7189,c7b9c6a0-bc65-45b3-912e-bff759dae221,3380,STORE_COLLECT,CA,POD
7671,faa48015-c6c7-4c52-aab6-8b351a839342,3387,STORE_COLLECT,CA,NONPOD
7488,205d47aa-5613-4a2c-bbf2-01f6d17a7f20,3398,COLLECT_FROM_LOCATION,SC,NONPOD
7059,2ed3376d-b791-436f-8abc-838905f2a356,3398,STORE_COLLECT,PA,POD
7397,4356f91b-acef-403c-88ee-03647a1ba691,3398,COLLECT_FROM_LOCATION,SA,NONPOD
7311,8094be27-1398-49e5-b136-a966289a5528,3398,COLLECT_FROM_LOCATION,SB,NONPOD
7229,bd8d0f3d-9c22-4ca0-ab8a-38cb0c2fd228,3401,STORE_COLLECT,PA,POD
7202,8ba0edde-ebf2-430f-b454-2fbb194ad559,3406,COLLECT_FROM_LOCATION,VA,NONPOD
7063,19be9d72-2aa0-4447-9454-ea1d84c10f87,3411,STORE_COLLECT,PA,POD
7201,2b770611-606e-4008-924a-1d5d526091bd,3426,STORE_COLLECT,CA,NONPOD
7726,e4d22b64-ce49-416c-b582-015528a50f64,3429,STORE_COLLECT,CA,NONPOD
7235,dffd1966-b47d-42f9-b347-68f3cce9c393,3430,STORE_COLLECT,PA,POD
7064,a3397e0b-446c-494e-bc8d-a089d05270d1,3433,STORE_COLLECT,CA,NONPOD
7673,1aec619e-7b51-4fe8-bb89-7e588b7af400,3439,STORE_COLLECT,CA,NONPOD
7015,efb1af0b-12ce-4db5-90f2-618b042a49fd,3440,STORE_COLLECT,PA,POD
7250,21f7353f-36dd-49f3-9313-95add29c7d46,3470,STORE_COLLECT,PA,POD
7789,054ea1b6-6599-4899-ac8c-4e2344df6830,3480,STORE_COLLECT,CA,NONPOD
7490,02113e90-cd15-46b6-92ad-336450349993,3488,COLLECT_FROM_LOCATION,SA,NONPOD
7115,88d36617-36b2-44af-9cdf-d9fcc2500563,3488,STORE_COLLECT,PA,POD
7135,cabcf878-8e45-4b57-9fed-8945566541d0,3490,STORE_COLLECT,PA,POD
7687,1939b477-3fc3-4304-a932-329a60d54f2b,3493,STORE_COLLECT,CA,NONPOD
7180,811adf82-9278-416d-9031-a76e5000c173,4362,STORE_COLLECT,CA,POD
7494,205170a5-2ed3-46f2-b664-46c88c6e0441,4375,COLLECT_FROM_LOCATION,VA,NONPOD
7499,857fa364-6310-4bb3-a9dd-ff45a2673a9d,4375,COLLECT_FROM_LOCATION,SA,NONPOD
7471,50f05fe1-7f35-4ee7-9da2-0233b1048905,4425,STORE_COLLECT,CA,NONPOD
7557,26170845-4107-484b-9a79-770d165bcf0c,4480,STORE_COLLECT,CA,NONPOD
7546,4507479b-ecc5-4e07-b9ed-39503b05c1a4,4483,STORE_COLLECT,CA,NONPOD
7547,f09ec2e8-053e-4a6c-86e0-017043b037a5,4483,COLLECT_FROM_LOCATION,VA,NONPOD
7728,7524df63-3621-4673-916f-b74ff868a985,4505,STORE_COLLECT,CA,NONPOD
7268,1e7a625a-44f4-4a77-8330-0edcc9ab43cd,4506,COLLECT_FROM_LOCATION,SA,NONPOD
7553,4888264b-aea0-4341-9a84-0bdac1baf60a,4579,STORE_COLLECT,PA,POD
7755,4d279747-838c-4b85-8cc8-f4e34ff96719,4630,STORE_COLLECT,CA,NONPOD
8118,70d761c3-582d-4abf-b7bd-20653d4d82e5,4665,STORE_COLLECT,CA,POD
8010,ace7b2ef-2e6a-43a7-99f5-723e793bcd0a,4684,STORE_COLLECT,CA,NONPOD
8012,5ba8b361-609d-4084-913e-67b2cbf719fc,4686,STORE_COLLECT,CA,POD
8013,62ba5536-539b-4639-8b98-090d5ada5407,4686,COLLECT_FROM_LOCATION,SA,NONPOD
8124,89842ae9-4d1f-4176-ade3-2d379af46921,4731,STORE_COLLECT,PA,POD
8126,0216e62a-7aa5-411e-8c06-701e4d894d69,4732,COLLECT_FROM_LOCATION,VA,NONPOD
8128,80ea9fca-be97-4055-bccc-f1db719caac5,4732,STORE_COLLECT,PA,POD
8127,fc6fbc1e-f6a9-4ae3-9595-45d870e6f09a,4732,COLLECT_FROM_LOCATION,VB,NONPOD
8116,6acafae8-cf33-4934-8ddd-27ddf8fc70da,4768,STORE_COLLECT,PA,POD
8007,55ce8132-9917-4fe3-a7b8-61e5141cd8dd,4838,COLLECT_FROM_LOCATION,LA,NONPOD
8072,6a357a59-fa4c-4a53-a135-88870d23561b,4838,STORE_COLLECT,PA,POD
7083,71dbd922-2c6b-46ac-9dba-d370a14752b6,5014,STORE_COLLECT,PA,POD
7275,94782231-83c2-4930-a83a-bda26a95f68e,5031,COLLECT_FROM_LOCATION,VA,POD
7261,83b07fcf-5a46-4d87-b281-0c012dfe1b9e,5110,STORE_COLLECT,CA,POD
7252,b5e97af5-d617-421e-9d0d-49ce94a4ce2b,5124,STORE_COLLECT,PA,POD
7146,9dca5527-d28d-41c1-bc2a-8e54d745b7c6,5125,STORE_COLLECT,CA,NONPOD
7020,4dd15388-77e0-4d4f-8e21-cc8647d77940,5128,STORE_COLLECT,PA,POD
7280,169993af-3050-479d-a7ee-fdda09f85950,5131,STORE_COLLECT,PA,POD
7380,2c89dbd3-c4e0-45a1-a66b-ab36be609bcf,5132,COLLECT_FROM_LOCATION,SA,NONPOD
7159,737b99d4-aaa9-4f19-8f6a-99f1bf721776,5132,STORE_COLLECT,CA,NONPOD
7729,eb80badd-c88b-4381-abe9-8fb47d490c74,5133,STORE_COLLECT,CA,NONPOD
7433,0f2d74e4-1dac-49a8-88ce-57a90c06233a,5135,COLLECT_FROM_LOCATION,SB,NONPOD
7715,5a3166f7-c51d-4ee8-b732-8759785c9ffe,5135,COLLECT_FROM_LOCATION,SC,NONPOD
7191,9b3090df-112d-442a-83cb-56fc2d7afa9f,5135,COLLECT_FROM_LOCATION,SA,NONPOD
7126,62c69ea7-c188-447a-9ff8-cfe142f35482,5137,STORE_COLLECT,CA,POD
7562,80b57d89-3e9f-4397-98f7-ed8de1de922f,5138,COLLECT_FROM_LOCATION,UA,NONPOD
7383,468df2be-9106-4832-9191-4505ec09c382,5168,COLLECT_FROM_LOCATION,SB,NONPOD
7396,ed8b4fe8-9ecf-423e-8d71-fce043d5b3d1,5168,COLLECT_FROM_LOCATION,SA,NONPOD
7075,161f5dfd-cfc8-4a8d-9578-db289122e1cf,5170,STORE_COLLECT,PA,NONPOD
7390,f6cdd29c-0efc-4ffd-81a6-ef3901cf18d5,5170,COLLECT_FROM_LOCATION,SA,NONPOD
7579,6e92dfcd-631b-4c29-a4b6-0bb60ffd4301,5171,STORE_COLLECT,CA,NONPOD
7286,4a0464e1-1fe2-4c72-932d-26c331693458,5182,STORE_COLLECT,CA,POD
7251,eda540a9-4b0f-4114-86b1-c3fe3f2d7221,5184,STORE_COLLECT,PA,POD
7127,2859b625-ebc8-43a9-a19d-c5189894d707,5194,STORE_COLLECT,PA,POD
7795,9e8e7aee-5a4c-4212-af8d-1b6513e44767,5239,STORE_COLLECT,PA,POD
7011,cc327c49-0048-44b7-9f57-6384a87979d8,5249,STORE_COLLECT,CA,NONPOD
7662,67fe0961-d68f-42b4-9aeb-57466437ca0a,5290,STORE_COLLECT,CA,NONPOD
7655,d999d1c8-f339-4225-a373-0230ea7e178e,5293,STORE_COLLECT,CA,NONPOD
7956,cf351844-53b5-4cf9-bdba-d73619c22077,5306,STORE_COLLECT,CA,NONPOD
7312,8ba88cf9-5a59-47f4-91b0-d0f51ca2bcf6,5307,STORE_COLLECT,CA,NONPOD
7762,b9772388-e4bc-47cc-853b-7da4365937ef,5326,STORE_COLLECT,CA,NONPOD
7357,173374d1-944c-4e76-85e8-f2ea6d932509,5330,STORE_COLLECT,CA,NONPOD
7342,9f693b10-393d-4532-bde2-d3e835722e10,5330,COLLECT_FROM_LOCATION,LA,NONPOD
7922,d9584893-7cc6-4b65-8809-6b01e52bb1a1,5330,COLLECT_FROM_LOCATION,CA,NONPOD
7872,f3d31c79-446d-4451-841a-2d7137c1f9ad,5330,COLLECT_FROM_LOCATION,SA,NONPOD
7259,d409f5cf-d330-48a8-a8ed-6b832ef1552e,5331,STORE_COLLECT,PA,POD
7167,af61ba5f-35da-40ee-952b-93f9d267c540,5332,COLLECT_FROM_LOCATION,VA,NONPOD
7161,02846216-1c2b-413a-af09-171bef422228,5333,STORE_COLLECT,CA,NONPOD
7273,1c4417bf-93dc-4907-a080-afc1df91dad8,5335,COLLECT_FROM_LOCATION,VA,NONPOD
7820,046d43e9-ac71-4e6f-9d50-55c5801a8ece,5336,COLLECT_FROM_LOCATION,SA,NONPOD
7753,1fe838c4-ced3-4113-92f7-9b6d23ca432f,5336,STORE_COLLECT,CA,NONPOD
7068,49f49c75-9235-45a6-9207-381c7c052934,5363,STORE_COLLECT,PA,POD
7409,84c46b2b-fef2-413d-bdc2-babadab1c57e,5363,COLLECT_FROM_LOCATION,SA,NONPOD
7272,d2b6d937-a925-42dc-9ca0-807b056619bf,5378,STORE_COLLECT,CA,POD
7019,16f40dd3-a56a-4922-ba50-9bddb3e0e169,5379,STORE_COLLECT,PA,POD
7419,9bfc89ae-6ef4-4ac1-9c11-f372fa3269f2,5379,COLLECT_FROM_LOCATION,SA,NONPOD
7741,a459f553-8b42-41c7-8ddf-db4dd512a1ac,5421,STORE_COLLECT,CA,NONPOD
7277,bf4231a8-3588-4a0c-88be-ddf8a13aba32,5438,STORE_COLLECT,PA,POD
7031,96ed7904-1d60-4d97-8f29-82f816fdbb42,5441,STORE_COLLECT,CA,NONPOD
7651,1bb534b0-6085-4eb4-9e5c-9984336ff43a,5447,STORE_COLLECT,CA,NONPOD
7743,cb90dbeb-9e8f-47ef-a220-6fb7f899d888,5456,STORE_COLLECT,CA,NONPOD
7793,fce070fb-4ec4-44c9-8135-7e27c4b7b45d,5456,COLLECT_FROM_LOCATION,SA,NONPOD
7323,9ffbb383-0d85-427d-8537-b5a33494cdb3,5458,STORE_COLLECT,PA,POD
7152,54fcd0e0-f498-47e4-b91a-80b1e6c15b55,5528,COLLECT_FROM_LOCATION,VA,NONPOD
7719,3391a68a-4c48-4e65-b4c8-ae985632803c,5566,STORE_COLLECT,CA,NONPOD
7144,9e4b85fe-168e-4531-8b4a-da1146d9b185,5567,STORE_COLLECT,CA,NONPOD
7121,dd269602-28c9-4e8d-97bf-e1c6c38839a6,5601,STORE_COLLECT,PA,NONPOD
7410,e3b782b0-9d6d-41e0-a251-b89ccf9217f4,5652,COLLECT_FROM_LOCATION,SA,NONPOD
7289,eb5fd4da-c69f-4e49-9432-079038f320c8,5652,STORE_COLLECT,PA,POD
7230,d0f0ac9b-6085-4317-a35d-4b1782c98f8d,5731,STORE_COLLECT,PA,POD
7220,1047bbc2-9b56-435b-bc32-9a78957d115e,5740,STORE_COLLECT,CA,POD
7733,9f90910d-29f9-4b6d-bc16-c93e5eba9512,5745,STORE_COLLECT,CA,NONPOD
7317,49efbd45-f02f-40a2-a310-4cf72a6c3273,5760,STORE_COLLECT,CA,NONPOD
7748,b15bbd8f-565d-422b-a03e-8c8a262b4e12,5762,STORE_COLLECT,CA,NONPOD
7030,8c1ee846-6f3d-427f-9adf-0537ab01d46b,5851,STORE_COLLECT,PA,POD
7281,c47b5103-97ad-4e36-a4e2-cebb356a69f1,5852,STORE_COLLECT,PA,POD
7704,35f0104a-06cd-4020-b624-859130d631d9,5930,STORE_COLLECT,CA,NONPOD
7784,b1a75bec-903e-4efa-80f0-70b5a39f05f3,5939,STORE_COLLECT,CA,NONPOD
7260,536180f1-0fee-475c-b33a-b8da8e36b1fd,5982,STORE_COLLECT,CA,NONPOD
7215,0f58b2dc-7ca8-4970-acf0-a076ed0cc516,5992,STORE_COLLECT,PA,POD
7460,7e4c287a-d859-43f1-b925-e8fd576cd278,5998,COLLECT_FROM_LOCATION,SB,NONPOD
8033,a43cfbb7-8e20-4243-8e6f-6e38e33ec233,5998,STORE_COLLECT,PA,POD
7354,f3fb559e-ffba-4469-8698-03e98da56055,5998,COLLECT_FROM_LOCATION,SA,NONPOD
8121,6a94fd05-75bf-47c6-bd4f-76d09f415c70,5999,COLLECT_FROM_LOCATION,VA,NONPOD
8122,7090bf26-e60c-4a41-b9ed-05934466a0f8,5999,COLLECT_FROM_LOCATION,SB,NONPOD
8120,76629147-0d23-463a-bc46-12e96885accd,5999,COLLECT_FROM_LOCATION,SA,NONPOD
7155,3687862f-03c1-4141-9711-555e65d87ddd,6002,STORE_COLLECT,PA,POD
7908,5dc78e45-9a65-4812-b642-137e069cf588,6017,COLLECT_FROM_LOCATION,SA,NONPOD
8096,6ff20db7-64fa-4359-b600-df6f0591891c,6017,COLLECT_FROM_LOCATION,SB,NONPOD
7677,2abab0ac-7468-4447-ac61-0b8c4f5d7690,6053,STORE_COLLECT,CA,NONPOD
7023,14f64112-7e21-4461-a1ba-46b90799b982,6056,STORE_COLLECT,PA,POD
7288,165b37a3-78e1-43e3-bb1d-c42d2fe90acd,6109,COLLECT_FROM_LOCATION,LA,NONPOD
7971,2952f154-5d24-4ad1-982b-c57200c75436,6109,COLLECT_FROM_LOCATION,SB,NONPOD
7370,3da1468e-e229-4957-96f2-af7c20f64f67,6109,COLLECT_FROM_LOCATION,SA,NONPOD
7418,40dc6744-d3a1-4082-accb-f859c51882bd,6109,COLLECT_FROM_LOCATION,LD,NONPOD
7371,5bc2578c-d84c-49b6-8f8f-9d59afd41fc2,6109,COLLECT_FROM_LOCATION,SC,NONPOD
8132,8f869132-2174-4506-8662-8c7527b5a232,6109,COLLECT_FROM_LOCATION,CA,POD
7298,96baf779-dd25-4288-ae4e-3a08a0837885,6109,COLLECT_FROM_LOCATION,LB,NONPOD
7428,bcc3320d-b6d0-4eb6-8d2b-60c1e82c2980,6109,COLLECT_FROM_LOCATION,LC,NONPOD
7457,d251a5bd-1938-4d42-8125-2853d6bb3a48,6109,COLLECT_FROM_LOCATION,LE,NONPOD
7713,dee69aab-20a3-4cb0-95b5-83dc1cfecde0,6109,STORE_COLLECT,PA,POD
7761,77b135a0-0542-4843-a278-3f38038252a4,6161,STORE_COLLECT,CA,NONPOD
7723,71a13b07-ce36-4a1a-9ff9-2d99a8419528,6181,STORE_COLLECT,CA,NONPOD
7688,a06d9e55-2012-4215-a121-2efecd99725b,6193,STORE_COLLECT,CA,NONPOD
7158,6d5e004b-3f9f-4995-aa90-800816bce425,6197,STORE_COLLECT,PA,POD
7292,d294ebb1-a213-4abd-94ab-0e8b0349cf45,6197,COLLECT_FROM_LOCATION,SA,NONPOD
7073,66772195-a432-4784-a09d-acdcf6240546,6225,STORE_COLLECT,CA,NONPOD
7249,74d3ee35-c1c4-49b9-958c-4ac76cfc96af,6264,STORE_COLLECT,PA,POD
7076,8a4c5abf-6a6d-4634-933a-0b6069226da3,6265,COLLECT_FROM_LOCATION,VA,NONPOD
7496,ecdac170-f38e-47ec-808e-9be302a6f699,6269,STORE_COLLECT,PA,POD
7242,d80b41a0-adeb-457f-a5bd-06f2e2234488,6270,STORE_COLLECT,PA,POD
7165,70ea0f37-08e9-4c4f-99bb-7c1f176c6bf0,6271,STORE_COLLECT,PA,POD
7745,9b0661ba-80d5-49f6-bdca-b8073df5a63b,6273,STORE_COLLECT,CA,NONPOD
7071,7c6bfe92-a997-4d97-9041-592e03a9c061,6329,STORE_COLLECT,CA,NONPOD
7478,584fc05e-6d3d-495f-86ac-a7cdcf6b912d,6401,STORE_COLLECT,PA,POD
7156,45ba99a4-5f09-48ee-bcfb-0325eaa67c63,6419,STORE_COLLECT,PA,POD
8135,67615da9-d7eb-47ea-9b43-111858da83a0,6440,COLLECT_FROM_LOCATION,SB,NONPOD
7568,89595c40-9737-44c3-a1d3-5de62b25dee9,6440,COLLECT_FROM_LOCATION,SA,NONPOD
7920,b2d1ce3a-f727-4a72-b23b-310575fcc7e6,6440,COLLECT_FROM_LOCATION,VA,NONPOD
7660,e6d9816f-974c-48e5-9905-711fae172692,6457,STORE_COLLECT,CA,NONPOD
7157,273c9abd-714d-4c6b-b291-fadad1a6139a,6459,STORE_COLLECT,PA,POD
7442,c755c2fe-0f33-4da8-b193-0ba516451f61,6459,COLLECT_FROM_LOCATION,SA,NONPOD
7985,2abbab68-eb62-48b6-8935-4a125cfda7d2,6460,STORE_COLLECT,CA,NONPOD
7296,211f0d10-ed16-403e-9930-391c3ca098cd,6467,COLLECT_FROM_LOCATION,VA,NONPOD
7739,d885b8fd-e3b4-469d-a822-fd8697b8bd3e,6471,STORE_COLLECT,CA,NONPOD
7367,9ba2d22f-7b51-49e1-baca-f2fb1d1172cb,6473,COLLECT_FROM_LOCATION,SA,NONPOD
7767,9ff576e2-0110-4978-bb67-0160a224e138,6473,STORE_COLLECT,CA,NONPOD
7160,97d67f5b-11ae-4674-b18a-180acdc7bd25,6504,STORE_COLLECT,PA,POD
7276,366815a4-996b-4d06-afa4-6c050e79d6ac,6505,COLLECT_FROM_LOCATION,VA,NONPOD
7425,877a1a8c-ef99-46e5-b3cc-3ecc1afe25d4,6506,STORE_COLLECT,PA,POD
7708,24bc25f1-b508-4daf-816e-f33b594d98e4,6553,STORE_COLLECT,CA,NONPOD
7649,2b546a56-5321-4a96-bb79-2534e6d6f57d,6646,STORE_COLLECT,CA,NONPOD
8131,5f480bde-3bb3-4591-8c7e-5d3ea5a6d80a,6647,COLLECT_FROM_LOCATION,CA,POD
7714,f1c8c2b1-93a0-4afa-8a43-957eb3d4af62,6647,STORE_COLLECT,CA,NONPOD
7725,abfdd6de-9cab-4384-a616-df87f540761b,6653,STORE_COLLECT,CA,NONPOD
7506,a42334b4-7924-47ec-9b72-ebdb5c50f624,6781,STORE_COLLECT,PA,POD
7421,76d3bea3-376a-4170-b807-3a2bc87e2209,6810,COLLECT_FROM_LOCATION,VA,NONPOD
7267,7c733bf3-653c-49fa-9a0a-e5a8dbf6b8e6,6814,STORE_COLLECT,PA,POD
7466,2f17cdf9-103d-47b4-9afe-44076b993e37,6915,STORE_COLLECT,PA,POD
7563,eca60d0f-1890-4919-a236-529848ffb675,6916,STORE_COLLECT,PA,POD
7474,4fbb907d-c2e5-46d5-bc2d-b32973361074,6919,STORE_COLLECT,PA,POD
7569,014337c5-5888-4265-a920-f97f9f951aa5,6997,STORE_COLLECT,CA,NONPOD
7356,81505c8d-43b3-47b8-8e63-8ee73cfeaec7,6997,COLLECT_FROM_LOCATION,SA,POD
8244,dff8b159-6149-4efc-b816-f68979d3342e,41030,STORE_COLLECT,CA,POD
8202,ebdca8d4-8398-4998-8838-5b4ed8622e78,41420,STORE_COLLECT,CA,POD
8205,149f6a63-f961-43c1-a640-11fb9d311bf9,41450,STORE_COLLECT,CA,POD
8207,84bf06c9-0992-424d-8323-2ba1aae6fdd9,41470,STORE_COLLECT,CA,POD
8217,84fdd8dd-4f65-4946-a235-0efddcd1b714,41570,STORE_COLLECT,CA,POD
8237,07a5859a-fa05-4e34-9a10-47cd67cd783f,41970,STORE_COLLECT,CA,POD
8145,a481ee51-cf9f-4dc1-be81-462350549a70,2525,STORE_COLLECT,CA,POD
7504,3ec4e967-83bd-43d5-a164-b389565420fa,3492,STORE_COLLECT,CA,POD
7556,4d900806-ae19-4954-9d5a-f2e4c1bf2dfc,3494,STORE_COLLECT,CA,POD
7537,b9a3198d-201f-430c-ac08-046ff7067bf0,3500,STORE_COLLECT,CA,POD
7494,cf1a2712-22c4-48a0-9270-423551304ffd,3506,STORE_COLLECT,CA,POD
7528,6514ab4b-294d-4e12-968c-31b5679da444,3507,STORE_COLLECT,CA,POD
7544,8124f8d2-562e-440d-8310-079200c54af8,3508,STORE_COLLECT,CA,POD
7518,056f112a-d4c7-4336-bb78-89660e8bc05e,3514,STORE_COLLECT,CA,POD
7571,d4bde4cd-3443-4110-bc59-5e020168bffe,3515,STORE_COLLECT,CA,POD
7519,725db318-2c00-488e-ad47-fd2cac3a881d,3519,STORE_COLLECT,CA,POD
7545,7adef526-50ac-4551-88f3-eb7991797250,3521,STORE_COLLECT,CA,POD
7527,995ba4e1-f8e2-4115-928e-dab9072ebeee,3543,STORE_COLLECT,CA,POD
7401,729409e8-e22f-4711-a202-e601b3363bf4,3548,STORE_COLLECT,CA,POD
7497,f62fee63-6423-48bd-8e3a-a6b5fdb48ab7,3549,STORE_COLLECT,CA,POD
7552,bfc6d1b8-be28-44f0-b7d5-50c5c8ad5e47,3552,STORE_COLLECT,CA,POD
7547,29a2b465-c02d-4121-bea6-a94739465dfd,3553,STORE_COLLECT,CA,POD
7521,de8998a9-999e-4126-b8c8-ce7bc695caee,3558,STORE_COLLECT,CA,POD
7525,11e7a6c6-01c9-40a4-8b21-ac9673bc2b06,3559,STORE_COLLECT,CA,POD
7554,428dc618-9042-48f5-bd86-ae9dcbb9f096,3560,STORE_COLLECT,CA,POD
7507,9c3a5513-37f7-4708-b6a6-234d5c9e5da7,3569,STORE_COLLECT,VA,POD
7548,7bcffeff-eb1f-4271-94dc-98e788bb57a8,3572,STORE_COLLECT,CA,POD
7531,addbaa5d-95c9-48b9-bdae-1678d23624b0,3595,STORE_COLLECT,CA,POD
7417,0b98c6ab-df16-4a6c-b536-e20dd572d2e6,3635,STORE_COLLECT,CA,POD
7530,45282afd-9730-41f9-983a-c809d98f0f76,3640,STORE_COLLECT,CA,POD
7490,7b07217c-f0b1-4341-bcc9-b7572aaaa6a3,3644,STORE_COLLECT,PA,POD
7564,88ffdb18-94be-4155-bbf3-09c50ecacbda,3665,STORE_COLLECT,SA,POD
7512,eae16a16-bc4b-4b5f-88b6-35329310bc7b,3665,STORE_COLLECT,CA,POD
7413,6b4d0388-d30c-4d34-a4c9-5e9f0b3570b2,3679,STORE_COLLECT,VA,POD
7526,6e28d153-531a-486d-b31f-66a902571026,3681,STORE_COLLECT,CA,POD
7416,355be61a-9718-4d95-9583-8533a6b44d8e,3682,STORE_COLLECT,CA,POD
7520,191f713a-dca8-4ec9-879e-9bb7029b5e3d,3683,STORE_COLLECT,CA,POD
7495,47dfb41b-d940-4dcb-a927-ca72fd23af84,3683,STORE_COLLECT,SA,POD
7557,d6a60b6c-881e-4d4d-8d1e-055945964c16,3686,STORE_COLLECT,CA,POD
7541,1659db22-8050-4f68-8833-3d6773bf8fec,3689,STORE_COLLECT,CA,POD
7535,b664cd51-cea8-40b8-8312-3ebe8ecb337d,3694,STORE_COLLECT,CA,POD
7412,1a9d165c-c9bc-4580-9682-e513860cec8e,3695,STORE_COLLECT,VA,POD
7508,871da7bc-b4c3-49b7-a7a8-7ef930960ba5,4449,STORE_COLLECT,CA,POD
7534,e8f22359-f9f9-43e8-946a-19ad4b623a8b,4578,STORE_COLLECT,CA,POD
7567,90304d50-b486-4677-97b7-2294fd7061a1,4654,STORE_COLLECT,CA,POD
7568,f04009d8-3e49-4686-9aed-5b546dc8785b,4655,STORE_COLLECT,CA,POD
7569,f4901f9e-5862-4ede-ac5c-7c7cf2e90c22,4656,STORE_COLLECT,CA,POD
7570,5c1ca389-a046-45ad-aada-f4b2bcdd6979,4657,STORE_COLLECT,CA,POD
7566,85266bd6-2fa6-481a-8fd8-68bc76a86889,4681,STORE_COLLECT,CA,POD
7510,99b101c1-6974-4156-92bc-4bc0d8b475fa,4899,STORE_COLLECT,VA,POD
7546,88985604-7c2b-4af5-92c9-74c9e6f8c151,5162,STORE_COLLECT,CA,POD
7516,7d1d5444-002a-43b2-9693-20e0ec1164ad,5237,STORE_COLLECT,CA,POD
7538,21c3ac67-75ce-4768-a97b-55134ff21ecc,5296,STORE_COLLECT,CA,POD
7502,20b2b9d4-3c44-4a4c-8ae4-2d7e9cefda05,5297,STORE_COLLECT,CA,POD
7536,02fab676-2b7b-43d6-bbc8-b512c21aabab,5298,STORE_COLLECT,CA,POD
7509,be9d9e90-7428-4b0d-a59d-43194b46c855,5428,STORE_COLLECT,CA,POD
7517,ca74be78-6ec1-4e63-8b9f-ed77c9d38161,5440,STORE_COLLECT,CA,POD
7522,93940424-2479-4543-80e8-099443bf8e25,5490,STORE_COLLECT,CA,POD
7550,efd2bd9b-d43c-418d-bcc3-b307ec845c79,5499,STORE_COLLECT,CA,POD
7529,c4d7c71e-2012-4cfa-a6a8-e36d7ba28e7d,5547,STORE_COLLECT,CA,POD
7414,5dee0668-8e84-4df2-9044-ea6fdbc91842,5548,STORE_COLLECT,VA,POD
7549,d9cfa5d6-e57e-4596-9446-706debc4a373,5572,STORE_COLLECT,CA,POD
7514,3a31b611-3039-41f1-a006-8423803eb0fd,5592,STORE_COLLECT,CA,POD
7533,4b9593bc-591c-4abe-b5db-92f32b111c08,5741,STORE_COLLECT,CA,POD
7523,45931992-3c51-4a7f-920d-5e0bcdcb6020,5742,STORE_COLLECT,CA,POD
7539,2a6cc656-2ba7-4df9-a004-be232bade0b3,5785,STORE_COLLECT,CA,POD
7491,db01fed2-8ef5-4f69-bd56-c2c833226d0f,5790,STORE_COLLECT,VA,POD
8133,bd4b03ab-3950-4b71-a9bd-285c02b0fdb1,5790,COLLECT_FROM_LOCATION,SA,POD
7415,b40f2539-2037-474b-a3fe-44dc371e4091,5794,STORE_COLLECT,VA,POD
7503,0acd4235-b2e2-4424-82b4-1a29ff00d103,5797,STORE_COLLECT,CA,POD
7505,75137c00-644f-4d70-9abd-f752dd40304a,6010,STORE_COLLECT,CA,POD
7515,7da00123-2124-4582-ba5b-5e5b606aa7be,6267,STORE_COLLECT,CA,POD
7551,7e0ce5df-e386-41e9-8419-901014a66c92,6268,STORE_COLLECT,CA,POD
7524,12c09fe0-9897-45b2-bb64-2905c1041294,6272,STORE_COLLECT,CA,POD
7492,252fe3b5-d112-4b7a-bd4b-c5c011e13a33,6274,STORE_COLLECT,VA,POD
7532,83f2f160-5796-45f7-971d-3de2963cc85d,6281,STORE_COLLECT,CA,POD
7513,c29df051-cca5-4bfc-b043-a0868ae8350a,6454,STORE_COLLECT,CA,POD
7542,8c22be32-bf17-4e8d-8677-987b1dfe2d76,6509,STORE_COLLECT,CA,POD
7540,2a7b480d-a2fa-4061-a130-c0cdeb532db3,6510,STORE_COLLECT,CA,POD
7405,a09fbc7c-89c4-454b-a0fd-566a5170633a,6868,STORE_COLLECT,VA,POD
7506,94a7c882-abda-43bb-b6d2-ffe03dd7e91d,6869,STORE_COLLECT,CA,POD
7511,4167af9e-608d-46dd-a16b-162bfb9fe0f4,6869,STORE_COLLECT,SA,POD
8111,82977508-0b38-4b52-9221-5969eb322404,21001,STORE_COLLECT,CA,POD
8102,1f9f36ea-09fc-480b-9926-ab2f4f8ddf77,21002,STORE_COLLECT,CA,POD
8103,c23af34f-0ada-41ce-9935-85621f4ff551,21003,STORE_COLLECT,CA,POD
8104,fdc5ee5f-e10a-478e-9ac0-84a24f80dc3a,21004,STORE_COLLECT,CA,POD
8105,66898b01-2aa9-40f2-b6e8-fd9b13354463,21005,STORE_COLLECT,CA,POD
8106,671aa564-ef55-4d38-8de6-c103ae151b5b,21006,STORE_COLLECT,CA,POD
8107,3b5dedfa-541e-4ec6-ad76-64e23491dc3f,21007,STORE_COLLECT,CA,POD
8108,975d9351-871f-46eb-9099-3ecb866ad6b9,21008,STORE_COLLECT,CA,POD
8109,284bb3b5-f0ba-4ea7-996b-4f79f1d48981,21009,STORE_COLLECT,CA,POD
8110,c1c6ad61-4d6d-403a-bf5e-eb5eab8d2d68,21010,STORE_COLLECT,CA,POD
8112,01f57cdc-5427-4e96-a8b3-02dbda315ad0,21012,STORE_COLLECT,CA,POD
8113,7ea06603-da7d-45c7-adef-1d932f94492a,21013,STORE_COLLECT,CA,POD
8116,6acafae8-cf33-4934-8ddd-27ddf8fc70da,21014,STORE_COLLECT,CA,POD
8114,cf104d12-68db-4f81-b8cb-21b69b65992d,21014,STORE_COLLECT,CA,POD
8115,9384520c-b72f-4bb9-9f1a-236048969c28,21015,STORE_COLLECT,CA,POD
8122,7dde6b84-7bfc-4407-aef7-d564120a551d,21016,STORE_COLLECT,CA,POD
8117,32b07502-879b-4ee7-b24e-40193e371186,21019,STORE_COLLECT,CA,POD
8118,70d761c3-582d-4abf-b7bd-20653d4d82e5,21022,STORE_COLLECT,CA,POD
8119,255d1c72-ec0c-49c1-bf88-42baa427e221,21023,STORE_COLLECT,CA,POD
8123,092f3d81-e02f-42c1-9909-8547e1c9cf4b,21031,STORE_COLLECT,CA,POD
8101,61ed9f8f-3946-48d7-96b2-3ba56101c411,21034,STORE_COLLECT,CA,POD
8120,76629147-0d23-463a-bc46-12e96885accd,21041,STORE_COLLECT,CA,POD
